,clean_text,spam
0, Dumb,0
1, As u should ser,0
2," Congratulations, you just became exit liquidity",0
3," Been in the space for years, have never used the litecoin network is there anything on there?",0
4, Me to,0
5, Same ,0
6," Good choice Kaleo 

",0
7, Same ,0
8, I’ll ape in at $90,0
9," Let's get it 
$LTC ",0
10, Do not ruin it for us.-,0
11, Amazing! I just did aswell,0
13, same.,0
14, Piece of shït,0
16, This one  ,0
17," Nice move, bro! But have you heard about the ultimate alpha generator $RUMOR? Its like a crystal ball for crypto gains. Trust the  and hold on tight to those $LTC gains! #HODL #CryptoMagic ",0
18, LTC ,0
19," I've been buying spot daily since this
",0
20,  I’m laughing so much,0
21," Doomtoken is revolutionary. The world's first apocalyptic payout mechanism.

Featuring some core features:
 Increasing tokenomics
 Hard LP Burn
 Safe &amp; Transparent
 ALL LP Goes to holders

",1
22, great decision ,0
23, Way to man up! CHIKUN arisez ,0
24, Let’s go ,0
25, its over isnt it kaleo just say it ,0
26, You should also ape #Moeta sir. The capital of Burn. #Burnscreener,0
27, yes,0
28, samesies,0
29," Truly proud of the decision I made, it brings me happiness and desires have obtained creating a multiple sources of income. There aren't many who have strategy and better understanding of the current market. Follow  you trade daily with ease and make good profit",1
30, Whole timeline bearish at range lows on a payday for me,0
31,Ethere;um devs are making serious money with MEV and arb bots! Find the link on my TL - I retweeted it!)(,1
32, our exit liquidity,0
33, These lads need to be across all major discussions moving forward,0
34, These guys probably went on to start a B2B SaaS company,0
35, Dying ,0
36, underrated podcast,0
37," ""How do they even determine interest rates based on the number of people interested ?"" 

Damn we deserve a 100bps rate hike send us all to the streets",0
38, lmaoooo,0
39, lool chad and jt are hilarious,0
40, Maybe if we all say 2% next time they ask us for CPI in the survey they'll lower rates??,0
41," Yeah big gov didn’t ask me if I was interested so I shouldn’t be forced to comply under the same interest rates, since I’m not interested ",0
42, Me when I do cocaine,0
43, you're telling me that people sat through more than 15 seconds? after these mfs asked how they determine interest rates its peace out for me these clowns have no fucking idea what they doing lol,0
44, I refuse to believe thst guy is not high,0
45, Max longing here,0
46,   amp   recent breakout means that price is now entering the  26k 27k range it s unclear whether  btc needs to dip to solidify  25k as support before jumping to  30k more arguments for upside at this time  i made  48k so far thanks to  follow him  ,1
47, don t fade the game changer  leo   online casino launching tomorrow with massive hype  2 5m mcap atm ,1
48, follow   he remains the one of the best traders to learn how to earn automatically without your coins depreciating or liquidate  i just made 860  profits under his guidance  follow him ,1
49, i m here to show my appreciation to the woman  who took me out from nothing to something from  3000 account to over  24 000 richer within 7 trading days  thank you very much ,1
50, i recently started using  signals and crypto analysis and i have had my most profitable months ever    highly recommended,1
51, i made  30k from copying and pasting signals from mr  in a week  his trading signals and strategy are amazing ,1
52, 100  guaranteed profit  check out our channel  earn money 24 7    717c1766f5,1
53, it s crazy that this guy found mev bots before everyone else  check my tl for the link   i retweeted it ,1
54, it s crazy how much money people are making with this   trick,1
55, i gave listening ears to her mentorship  it haven t been easy with my investment of  3500 i received  35 400 in return  i don t want huge return i only wanted a trusted trader educator  i want to use this time to give due appreciation to ,1
56, where was the link to that defi  free money glitch people are using       ,1
57, i can never stop appreciating you for your good work you have done for my family i invested  1500 and i received a profit of  14 500 in the next 5 days of investment thanks to ,1
58, it s crazy how much money people are ma king with this stuff  posted,1
59,  has been stuck in a wildly tight price range for days   once we break the golden level  30 6k this will be a huge bullish signal  y all should follow  she knows her stuff when it comes to btc and other cryptos  her tweet have been really helpful over the years,1
60, miladypepe airdrop giveaway    don t miss out on your chance to grab free  milp tokens   1   follow  on twitter   2   rt  amp  like  3   join our tg community     amp  fill the google form for air drop        ,1
61, So uh long ,0
62, Why is nobody talking about this technique  ha s posted???? So easy to make money with this,1
63,Anybody got a link to that defi free money glitch? .,1
64,"The past week with MEV Bots has been fruitful, earning me a good chunk of ETH. If you're interested, I've retweeted a concise 7-minute tutorial on my Twitte^r..:",1
65, Send it,0
66, Bull ,0
67, King ,0
68, I do hope so! NGL....I did kinda expect more after all these years of waiting ,0
69," This is the greatest surprise all my life to wake up and receive $16,000 out of $1000 investment after so many tries I finally found a Legit platform for investment. All thanks to Mrs  for making this possible. ",1
70," The knowledge and support are tremendous, I couldn't have done it without your expert service. If you are looking to get into #forex #bitcion #stocks this is the right place to be! If you aren't following  you should be.",1
71, Looks exhausted,0
72, $10 XRP - this season sire?,0
73, Booooollliìiissshhhhhh,0
74, Amen,0
75, WAGMI,0
76, Inshallah ,0
77, who cares about money when bomb are about do drop everywere?,0
78, from HSBAF to this ... idk man ... top signs,0
79," Bro, its like you read my mind! With the power of #Kaizen and the crypto wave behind us, were gonna ride those green candles to the moon  #KaizenPower ",1
80, hfsbaf,0
81," everything will go up and you will make it

everything will go up and you will make it

everything will go up and you will make it

everything will go up and you will make it

everything will go up and you will make it",0
82," EVERYTHING WILL GO UP!!

I  swear crypto only ever goes up when ive got no liquidity, only thing im making is my bed in the morning",0
83, That is if you have anything ,0
84, Shill me 3 coins to buy,0
85, My brother pls break $32k,0
86, Down first please?,0
87," if I don't get greedy on lev, ye",0
88, send pepe right now,0
89, In debt and no exposure cause I’m broke. I will never forgive Sam for this ,0
90, Yeeees Roookie!!!,0
91, I won't make it,0
92, I'm gonna make it,0
93, Bro spam some alts bro what to long ,0
94, I say amen to that ,0
95, I wish man down too much,0
96, Blocked because I said his valuation was off by 3 Zeros   ,0
97, Legends,0
98, LMEOW,0
99, self sabotage,0
100, Rollbit business model,0
101, He's like me,0
102," I also follow  for signals analysis and account management. In the past three months, I've achieved a 93% win rate by copying his signals!",1
103, At least this clown is staying true to his M.O. :D,0
104, He should be getting Mr. Potatoe Head royalties,0
105, He’s Been around forever I remember almost buying into his shit ico in 2017 dude seriously sucks.,0
106," Haha Barney did the same thing as well. 

I wonder how many 1000x leverage and don’t get instantly liquidated. It has to be like 99.999%",0
107, Glad this stupid fuck already blocked me,0
108, insane degenaracy,0
109, No way,0
110, Mega liquidation event,0
111," How much did they pay you to mention rollbit?
/s",0
112, Is this the guy on twitter spaces with the mario guy?,0
113, BUSTED ,0
114," startup idea, we collect funds to do some 1000x gambafi",0
115," I actually believe that 1000x leverage is still pretty conservative.

It's like playing on easy mode.",0
116, There is probably one guy who 1000x longed xrp within the first minute and got liquidated on a 0.1% move in the wrong direction that lasted a second,0
117, I thought it was Bitcoin cash,0
118," I owe a big thank you to  for their expertise in online trading. Their guidance and insights have helped me generate significant profits, and I am grateful for their contribution to my financial success.",1
119, They are once again ahead of the curve,0
120, bro beta tested the 2000x lev feature on rollbit &amp; donated to the market,0
121, The fastest gun in the West! ,0
122, No wonder he’s got such an apocalyptic worldview lol,0
123, must have been the CIA,0
124," Everyone wants to achieve greater highest, what mind set will help you get there? Crypto is the greatest opportunity to achieve your goals. Get yourself a manager has ambitious goals towards his client, you are magnificent when it comes to trading strategy ",1
125, he knows ,0
126, Not looking good for longs. Next rejection at 31300 should usher in the meltdown. $btc has probably seen yearly high.,0
127," Truly proud of the decision I made, it brings me happiness and desires have obtained creating a multiple sources of income. There aren't many who have strategy and better understanding of the current market. Follow  you trade daily with ease and make good profit",1
128, Are we back? ,0
129, Want some range moves here to get Alts move hehe,0
130, Gib 28k,0
131, Dips are for what again? I can’t recall,0
132, Thoughts on $XRP? Retrace to 50s?,0
133," Clumsy is longing
It will fall",0
134, Agreed. I listen to you and  for analysis,1
135, Wow. Crypto is such a scam,0
136, So true,0
137,"  One of the hallmarks of being a smart trader is knowing how to take profits, regardless of whether it's a bull or bear market. It's great that  has helped change my mindset and earn impressive returns of 10%-100%+ daily without experiencing losses",1
138,"  Spaces have opened up in my group again! Get in while you can before the server is closed! 

LINK",1
139, yes ser,0
140," #ADAYOFFISADAYLOST 

WE ALWAYS ON THE GRIND",0
141, Amen Kapo A fucking men,0
142, Showing up everyday can i get a follow bro?,0
143," Just grabbed a bag here let's see

",0
144, Yea I stayed out it’s too much take yo gainz,0
145, It's crazy how much money people aree making with t-his  trick,1
146, Stop loss hit bro,0
147, Coming for it,0
148," Dunno man, looks pretty bearish",0
149," I'm really grateful for all efforts you have render to me with my little investment of $1000, and with joy all over me after withdrawing $10,000 with your help ",1
150," $AFFI is a revolutionary digital advertising project that leverages Web3 technologies to address the existing challenges in the advertising industry  

 official : 

Network : Arbitrum

Contract: 0xdd839b26B9d5c10b8744832192EF9971300Ee4BA",1
151, I took many L on shorting $OP but i don’t give a fuck i keep on shorting it till i get the ONE and the OnLY,0
152, Lol,0
153, LmAo don’t long 15 but long 32 lfgggg,0
154," One of the hallmarks of being a smart trader is knowing how to take profits, regardless of whether it's a bull or bear market. It's great that  has helped change my mindset and earn impressive returns of 10%-100%+ daily without experiencing losses",1
155, Can you elaborate?,0
156, Have you seen $evil some interesting things going on with the market pumping as it is I can see this touching 50 million 70x from its current market cap ,0
157, We take all the stops below 31k first or the market is wrong,0
158, What price you have entered?,0
159, btc ?,0
160, the amount of sheer euphoria is scaring me bro,0
161," The future of crypto earnings is here - learn from this web3 developer's MEV strategy and start earning over 5 ETH per week.
",1
162, Ummm... Maybe you sho-uld cover the biggest story in DeFi??? People are making crazy money with this method  has posted,1
163, Could someone link me to ;that defi money making method people have been using??????,1
164, Mancium rockets ! #mancium #success ,0
165, Finally revived from the dead. Gz to all the winners.,0
166, IFB ASAP ,0
167," Trading had been easy and smooth with  who is an outstanding resource for aspiring traders, ideally suited for both complete beginners and those who ars already up and running with their trading but need or want to improve it.",1
168," With the help of MRS  I've been able to trade online and I know all about crypto currency exchange, I've been able to Save more than $44,500 in 7days of trading with her platform, I found it to believe until when I saw my profits been received into my bank account",1
169, GN boss don't forget to celebrate  me Allah bless your today's and tomorrow's profit,0
170, Glad to hear you had an awesome day! Jokes can really bring us joy and lightheartedness.,0
171, Thanks sir,0
172, Good Night Boss And Sweet dreams,0
173," be glad it is. Otherwise you could not benefit from it. Don't forget, it's a transfer only business.",0
174, They will like it even more at $69k,0
175, The only reason peeps didn't want it at 16 is they thought it would go lower. The only reason peeps want it now is they are worried it will go higher without them. Greed doesnt change.,0
176," Biggg newsss abouttt cryptocurrencies.

    DLFG!",1
177," Youu cann g­ettt  X­RPP fr­omm Bra­dd Gar­lin­ghousee rig­htt now!

   RPLFG",1
178, dont you think the fundamentals have changed with blackrock etf?,0
179," Haha this is literally how 99% of them think. ""hmmm I'll wait a bit til it gets lower"" then sit back in disbelief ",0
180, i think you answered your own q,0
181," BREAKING!!

    DLFG!",1
182," Wee a­re cond­ucti­ngg aa dif­ficu­lt tr­ia­l, everythi­ngg iss wor­kin­g out f­orr us!!     DLFG!",1
183, Been buying since last October. I want more sub $30k. Fingers crossed we get a recession and possible sub $20k again.,0
184, The highest demand comes when it passes 100K,0
185," When it's trending down, most people are already in it and have no dry powder left to buy more, the all went in on the way down. It went from $69K to $15K. Obv people bought more at $40K because ""thats the bottom"". Thats how this works and u know it. No new ppl come in.",0
186, it's how nature works so don't even bother,0
187, Emotional damage i only say,0
188, Its still a lot less than 50K …. ,0
189," People are emotional. This is just them allowing their financial decisions to be ruled by those emotions. Could be greed, fear, panic, etc. I was a terrible trader when I started buying tops all the fucking time. When I started focusing on charts exclusively that all changed.",0
190, Bc people assume high price=value. Price increasing also validates the need to feel right.,0
191, I didn’t have capital available to deploy until 25K. Bought aggressively between 25/26K.  Not selling or buying here. Right move  ??,0
192, Same as always. Because at 16k everyone was calling for 10k. Just like in 2018 at 3k everyone was calling for 1k. Luckily I’m good at counter trading the herd.,0
193," This my first cycle and I bought too lil at 16k and more on the way up , I guess a lot of us are just new to this , never thought it was a scam , maybe that it could go way lower tho",0
194, Do you wanna maybe calm the fuck down tweeting every 2 minutes ?,0
195, Exclusively sentiment trading crypto is one of the easier trades to make.,0
196, I WILL KEEP BUYING THE DIP!,0
197, I Agreed,0
198, Damn 28.8 &gt; 26 &gt; 20 ,0
199, I love your content brother lol ,0
200, You’re an asshole dude Jesus,0
201, It's crazy how m_uch money people are making with this  method. She's the best!,1
202, big crypto accounts starting to look for bear  hmmm wonder where that goes  ,0
203, first 28 2k then 29k then 32k this is the roadmap for btc ,0
204, this looks like a beautiful bob ross painting,0
205, his do you get a chart that shows you the read and green areas ,0
206, forget price action for 2 mins  this chart in itself is pretty aesthetic   ,0
207, nature is healing  ,0
208, but what about when there was a correction to 20 k last month  that was not a significant change ,0
209, thanks man,0
210, what indicators are these mate ,0
211,lots of comments about  still an uptrend     sure  so get above 28 7k again and i ll get back involved on the long side    pretty easy when there s a key level in here ,0
212,N/A,0
213, got more down to go   probably at least 25k area  maybe down to 24 23 ,0
214, market structure would change with a weekly close below the 20w ema ich cloud  we are still above 9 and uptrending my friend,0
215, i m old enough to remember when there was no need to look at any chart lower tf than the weekly  and cbs charts didn t look like they were generated with a trs 80,0
216, i was wondering when you gonna pull out some renko,0
217, what name of bands again  i m sure you ve answered 100 times  they pretty,0
218,  200 bounce and this dude getting excited    ,0
219, you can earn up to 80   500  returns daily trading on spot and futures with our daily profitable signals to join our free channel on telegram click on link ultimate signals always win    ,1
220, lel  told you this week it was over for bulls and top was in  look at your sunday posts  you need to work on your rsi game bro ,0
221, what indicator is this   this isn t the guppy is it ,0
222, i m betting it s just another one of these ,0
223, a brutal short squeeze might be forming ,0
224, change in sentiment after 0 59  pump ,0
225,N/A,0
226, that s not the copium that we paid for ,0
227, why did you draw this from the closer bottom and btc from the one near y o ,0
228, more of a dream come true creating multiple sources of income  truly proud of the decision of getting started  there aren t many who have a better understanding of the current market  follow  you can trade daily with ease and make good profits ,1
229, i m so happy and proud to say i m among the investors benefiting from the trades of   i just withdrew another  10 000 from an investment of  2000  all thanks to lorenzo s team  follow him ,1
230, guys  anyone has a link to that defi   bot everybody s  talking about     ,1
231, miladypepe airdrop giveaway    don t miss out on your chance to grab free  milp tokens   1   follow  on twitter   2   rt  amp  like  3   join our tg community     amp  fill the google form for air drop        ,1
232, lol sooooooo many did  priceless entertainment  ,0
233, did we retrace the weekend pump ,0
234, lol bro  u r salty af xd,0
235,N/A,0
236, you didn t catch any trades on this pump  the market was on easy mode this weekend ,0
237, i gave listening ears to her mentorship  it haven t been easy with my investment of  3500 i received  35 400 in return  i don t want huge return i only wanted a trusted trader educator  i want to use this time to give due appreciation to ,1
238,   amp   recent breakout means that price is now entering the  26k 27k range it s unclear whether  btc needs to dip to solidify  25k as support before jumping to  30k more arguments for upside at this time  i made  48k so far thanks to  follow him  ,1
239, we still pumped quite a bit from the previous week though  unless you re implying something,0
240, follow   he remains the one of the best traders to learn how to earn automatically without your coins depreciating or liquidate  i just made 860  profits under his guidance  follow him ,1
241, what happened did it nuke already ,0
242,  shi the big pump can come at any time  take your seats   ,0
243, yep but coin  riot  mara all pumping though,0
244, still believe in you  thanks for all you do ,0
245, ahhahah,0
246, check out   a project with utility and potentials,1
247, everybody is talking about this money method  has posted  but you  won t mention this   ,1
248, like rockets    come     amp  ape in   the  cope   feat   amp  ,1
249, oh how good is to see this yct bad traders get fck in the behind  while good ones go short heaven,0
250, any update brother ,0
251, one thing we know dor sure is that elon coin will go places for 4 20,0
252,N/A,0
253, longing doge bcos of tree s thesis ,0
254,  has been stuck in a wildly tight price range for days   once we break the golden level  30 6k this will be a huge bullish signal  y all should follow  she knows her stuff when it comes to btc and other cryptos  her tweet have been really helpful over the years,1
255, i aint reading all that tho  we simply long doge,0
256, people are stocking up for the potential 4 20 tweet from musk that may or may not include doge ,0
257, 2023  you no longer need finance quant degree to succeed in trading  just long or short dog coin based on rocket launches,0
258, this is the doge 1 rocket that he mentioned last year ,0
259, imagine elon delaying launch to 4 20 to put doge picture on starship lmao  and then if launch fails and rocket explodes with doge on it  what a rollercoaster would that be,0
260,N/A,0
261, elon is something to plan with dodge   big things are coming,0
262, to moon,0
263, 420 will pump most likely pre launch,0
264, you are one of the most  if not the most  legit players on ct  thanks,0
265, i m glad you are doge maxi too,0
266, we re longing doge when the rocket fly ,0
267,N/A,0
268, the fundamentals here at play being that spacex is launching a rocket plus the fact that is 4 20 is the reason why a dog coin may increase in value in the next few days  i focking love crypto ,0
269, doge leading the traders market   what times to be alive,0
270, imagine elon tweeting about dogecoin at starship launch   ,0
271, doge to the moon i guess on the rocket i guess     ,0
272, pump it,0
273, buying a shit coin because a grifter is launching a rocket into space  logical ,0
274, same plan here my bro  made a post about it    let s do it       ,0
275, and we have lift off,0
276, ight i ll bite,0
277, bro what type of logic is that i think elon have to put doge logo on starship to pump our bags  ,0
278, well  when starship first lands on the moon  it will be a demo  unmanned  mission and i suspect that is when elon musk is planning to put an actual doge on the moon  so  a successful starship test flight means we are one step closer to seeing that come to reality ,0
279,N/A,0
280,N/A,0
281, yup thats a long for me,0
282, feeling comfy now that you posted,0
283, isn t it just that doge became musk social token so whenever good things long doge  whenever bad things short doge   probably i m middle curving this though,0
284, tree gonna make me long doge,0
285,N/A,0
286, taking notes,0
287, delay so lift off can be on 4 20   gotta love this guy  ,0
288, they are launching a doge miner into space ,0
289, will put you as mi reference from now on  thx   ,0
290,N/A,0
291, if i was a cute chick  i would have gotten a job in crypto years ago   i should try identifying as one  ,0
292, just applied your knowledge  managed to secure a ceo position at bitzlato   ,0
293, hi can you hire me i have 10 years of experience in ethirium my mutuals will vouch for me,0
294, you forgot   add jobs at companies that have gone bankrupt and there is no way to verify    ftx etc   ,0
295, i discovered btc in 2012  created  1 year later  and still haven t made a profit on flipping nfts ,0
296, works in so many job fields interview processes,0
297, 100  true,0
298, i was doing this before crypto,0
299, pro tip for any job innit,0
300, i had sex w hentai avenger in tokyo,0
301,N/A,0
302, yes but not just crypto  ,0
303, for anyone not working on crypto  do the same thing ,0
304,N/A,0
305, it s crazy how much money people are ma king with this stuff  posted,1
306, hi   user one134500     password wyjy1532     balance 1455171     url uu55111   c om,1
307, i can never stop appreciating you for your good work you have done for my family i invested  1500 and i received a profit of  14 500 in the next 5 days of investment thanks to ,1
308,  remains the best trader  to learn how to earn automatically without your coins depreciating or liquidate  this just logic and you ain t giving him any cash  just made 860  profits under he s signals management    follow him ,1
309, you and my boomer dad would make great friends,0
310, delet,0
311, 100  guaranteed profit  check out our channel  earn money 24 7    42f44ea71a,1
312, ty bro  you as well,0
313, gm my bro,0
314, gm gm   ,0
315, let s get it    ,0
316,N/A,0
317, gm ,0
318, gm johnny  positivity received     ,0
319, thanks you too,0
320, gm johnny,0
321, i m here to show my appreciation to the woman  who took me out from nothing to something from  3000 account to over  24 000 richer within 7 trading days  thank you very much ,1
322, gm johnny  ,0
323, gm send it,0
324, zack can you do smth bruh,0
325, same   ,0
326, i did that at 287  i m scuba diving,0
327, when the yellow x   ,0
328, out of all the longable coins  i longed the one that was unlocking half of its supply today    ,0
329, ethereum developers are cashing in on mev bots  link on my tl   i retweeted it ,1
330, haha oath,0
331, this is a small path to instanity inside a giant path to insanity  in the giant one  we are still in phase 1 until 2024 probably,0
332, nah,0
333, so phase 1 up next ,0
334,N/A,0
335, phase 5   lawyers enter the game,0
336, what follows next after phase 4  phase 1 ,0
337, and what s next sir  ,0
338, idk  my  inj is going up just fine and its not a meme or scam,0
339, amen,0
340, nice 4hr time frame on btc let s goooooooo,0
341, check out   a project with utility and potentials,1
342,N/A,0
343, it s crazy how mu ch money people are making with this  method  she s the best ,1
344, where was the link to that defi  free money glitch people are using       ,1
345, insane,0
346, buy  rndr  it s the same ,0
347, launching on june 12th   is the next  you ve been waiting for     0  tax and secure your investment with   lp  amp  renounced ca    join the revolution now        ,1
348, but but but    where is the money going to come from      ,0
349, we re early  ,0
350,  kndx is therefor a must have in your pf  they re in the nvidia inception program  ,0
351,N/A,0
352, i gave listening ears to her mentorship  it haven t been easy with my investment of  3500 i received  35 400 in return  i don t want huge return i only wanted a trusted trader educator  i want to use this time to give due appreciation to ,1
353, on the flip side  probably couldnt reach that without crypto    ,0
354,   perspective,0
355,  a few hours ago i thought 28k was possible but seeing the price tanking in 30k area now i think 34k is a more likely target  y all should follow  he knows his stuff when it comes to bitcoin and other cryptos his tweets have been really educative over the years,1
356,     kndx only 2m marketcap with  ,0
357,   amp   recent breakout means that price is now entering the  26k 27k range it s unclear whether  btc needs to dip to solidify  25k as support before jumping to  30k more arguments for upside at this time  i made  48k so far thanks to  follow him  ,1
358, check out   a project with utility and potentials,1
359, wen short opening ,0
360, we are so early ,0
361,  but bruh just imagine if they rotate a little bit of that into crypto   ,0
362, nice perspective   ,0
363, it is right now brother  might not be fair as price but yes right now it is ,0
364,N/A,0
365, why  ,0
366, i agree  ,0
367, it s crazy how much money people are making with this   trick,1
368, it s crazy that this guy found mev bots before everyone else  check my tl for the link   i retweeted it ,1
369, patience is key,0
370,  swipe is gonna fly soon,0
371, 6 9 days,0
372,   amp   recent breakout means that price is now entering the  26k 27k range it s unclear whether  btc needs to dip to solidify  25k as support before jumping to  30k more arguments for upside at this time  i made  48k so far thanks to  follow him  ,1
373, 100  guaranteed profit  check out our channel  earn money 24 7    6e5ab88a09,1
374, break that would be a start    ,0
375, 100  guaranteed profit  check out our channel  earn money 24 7    717c1766f5,1
376, hopefully  ,0
377, back down 26k today,0
378, inshallah ,0
379, ethereum developers are capitalizing on mev bots for huge gains  link on my tl   i retweeted it ,1
380,N/A,0
381, van der sar might come man united to replace richard arnold     that s some good news for the day bro,0
382,  is 99  the best quality educational market trading in all of ct  comes forward with quality content  streams  that feels like a scam to be  free   nothing else to say    fuck you ,1
383, i made  30k from copying and pasting signals from mr  in a week  his trading signals and strategy are amazing ,1
384,N/A,0
385, i m interested to see if  op gets a squeeze  it s heavily short with the unlock happening today ,0
386, i recently started using  signals and crypto analysis and i have had my most profitable months ever    highly recommended,1
387, those who cling to death lives  those who cling to life dies,0
388,N/A,0
389, boring day mate  ,0
390, this goes for twitter and other social media too  ,0
391, we are here because of all the meme mania  we never learn ,0
392, i m here to show my appreciation to the woman  who took me out from nothing to something from  3000 account to over  24 000 richer within 7 trading days  thank you very much ,1
393, it s over,0
394, i admire your patience and discipline    ,0
395, i m here to show my appreciation to the woman  who took me out from nothing to something from  3000 account to over  24 000 richer within 7 trading days  thank you very much ,1
396,   amp   recent breakout means that price is now entering the  26k 27k range it s unclear whether  btc needs to dip to solidify  25k as support before jumping to  30k more arguments for upside at this time  i made  48k so far thanks to  follow him  ,1
397, we are one tweet away from you and  for matic to trade at 80 cents,0
398, 4 188 below is the trigger,0
399, really hoping for an aggressive move towards those highs in the next few days  swing fail  amp  smack down,0
400, follow   he remains the one of the best traders to learn how to earn automatically without your coins depreciating or liquidate  i just made 860  profits under his guidance  follow him ,1
401, shorts are going to be destroyed  ,0
402, don t fade the game changer  leo   online casino launching tomorrow with massive hype  2 5m mcap atm ,1
403,   amp   recent breakout means that price is now entering the  26k 27k range it s unclear whether  btc needs to dip to solidify  25k as support before jumping to  30k more arguments for upside at this time  i made  48k so far thanks to  follow him  ,1
404, mancium   ,0
405, can you provide guidance to  with his dca and degen positions  ,0
406, i predicted this on my weekly forecast ,0
407, manc looks solid   ,0
408, simpsons predicted btc price action  ,0
409, you are throwing multiple graphics after   we told you   you very smart,0
410, don t miss out on  chikun,0
411, ,0
412, should go back like the way it came up mf,0
413, beartard tweeting is so cringe lol  ,0
414, that s not even how you do it   ,0
415, i think we get this  for maximum cringe both side  ,0
416, ,0
417, gone down to  4k  btc ,0
418, we reclaim the range   yes,0
419, you are asking for too much i think,0
420,   this is a great project  in the future will be x10 x20 coming soon on cmc   a proud team went to the moon with this strong community   for boxer and doge s fan   ath 5x with based team and good chart  find your entry now and ape with ,1
421, textbook,0
422, doge to the moon,0
423, it s happening ,0
424, ,0
425, just started trading and found his account  he makes crypto fun and depressing at same time   although it was a good find   please advise ,1
426, 13k  ,0
427, ,0
428, very possible 26k  aligns with fib retracement,0
429, may not go that low we re in a bullish control zone  ,0
430,  20 000 ,0
431, i n allah   ma allah ma allah   my bro my bro  ninja guaranteed liquidation   ,0
432, now your just playing with people s emotions lol,0
433, if this doesn t play out    ,0
434, not bera enough  sigma 6 event this week,0
435, i disagree  it would be great  ,0
436,   ,0
437, wen inverse barto,0
438, god did,0
439, it  s crazy how much money people are making with this  trick,1
440, can t be underwater when your bags are made of doge lmao,0
441,  btc     ,0
442, how low will you go  btc ,0
443, i finally know where you tolded us  it s the videos not the tweets  ,0
444, solid advice     ,0
445,     ,0
446, ,0
447, if they can hold they gonna win,0
448, bro   ,0
449, ninja sees into the future  ninja knows all ,0
450,   ,0
451, i follow your advise and iam happy now   ,0
452, hahaha true  check this    ,0
453, ninja you also overtraded this week,0
454, ,0
455, we tolded them,0
456, god did,0
457, ummm  anyone has a link to that defi   bot  everybody s talking about  ,1
458, so everybody is talking about this method  has posted  but you won t m ention this      ,1
459, refi  catchy  can use within earshot of boomers and they think ur tolkin houses,0
460, i want to appreciate and thank   god for using  to help me  l m honestly saying this to everyone  i invested  1000 usd and today i just received  10 500 usd directly to my bitcoin wallet  thank you ,1
461, the biggest risk in life is being risk free,0
462, retard fi is still unfortunately in the entrenched lead   work harder cat and other weriods,0
463, retard fi ,0
464, wen lk 99 token ser  ,0
465, 0 interest rates phenomenon,0
466,us treasury need to hike to like 20  apr immediately to adjust for mass generation of ppl with inability to think at timeframes over few days,0
467, paradigm   is this subliminal messaging,0
468, 30 5k 31k  thats cute  bro  but you know whats really magnetic  the potential of  to revolutionize the crypto game  get ready for some serious gains     ,1
469, covid lockdowns helicopter money changed everything,0
470,         we are heading into the halving ,0
471, true  but 90  of the time it works  loses its meaning when people think  everyone  is just the ct echo chamber  everyone is everyone in the streets ,0
472, 100   concept of a trending market versus a ranging market  during a trend many participants are right   it s at the extremes that the balance changes   same with liquidity grabs   good strategies in ranging environments become useless in trending ones   ,0
473, live look at crypto bulls vs  bears  ,0
474, good point ,0
475, you mean like when everyone is just noticing a liquidity drain is going on simply being anti consensus isn t going to work  speaking of which  still wonder if tga refill will pull some liquidity out for a while ,0
476,   still i m bullish if he s bearish  ,0
477, like,0
478, aristotle s wisdom of the crowd theory typically plays out accurate  get 30 people in a room guessing how many gumballs are in a machine and it will be very close ,0
479, only make a trade if it passes this 5 step test 1  the trade setup 2  the trade tiger 3  the stop loss 4  the terget price 5  the reward to risk  that s a definition of an accurate signal follow this channel  ,1
480, true ,0
481, right  learning behavioral psychology is very important when you see everyone thinking the same thing  you need to think the opposite,0
482, like,0
483, ummm   whyyyy is nobody talking about this technique  has posted      so easy to make mon ey with this,1
484, huh   where wa s the link to that defi free money trick people are using  ,1
485, want to earn over  100k a year with crypto  follow this web3 developer s mev strategy and see how he s doing it  ,1
486, i love kek news ,0
487, do not fear     bear markets  they lead to accumulation phases of a lifetime   the only trick is to just stick around no matter how bad it gets  if you aren t following  you should be  there aren t many who have a better understanding of value investing  great ta,1
488, trading  made easy with    max global signal trade   we guarantee massive returns on every call  analysis on every call and mind blowing profits daily  about  500  1500  you can join us    ,1
489,   driven by elon musk vision  is reshaping the ai and blockchain world  be part of this exciting future    initial marketcap   2k launch  august 02nd on uniswap    no ico  no presale  just a fair launch on uniswap    join us      x ,1
490, my trading has improved so much since the bear market got worse in mid march  may is the most volatile month  follow  for the best predictions on stocks and crypto  have made good profits by following his patterns ,1
491, after the strategy and guideline of  i was able to make profits daily and my trading journey became successful  i have earn massively this past few months  following  tweets  post  tips and predictions ,1
492, i think of  as a good book  the further you get into it  the more it begins to make sense  follow  so you know what i mean and get to grow and excel in it  good luck to everyone ,1
493, ummm  anybody has info about  that defi   bot everybody s talking about     ,1
494, maybe you should cover the biggest story in defi   people are maki ng crazy money with this technique  has posted,1
495, but they won t trap me,0
496, the knowledge and support are tremendous  i couldn t have done it without your expert service   if you are looking to get into    this is the right place to be  if you aren t following  you should be ,1
497, amazing personality with great leadership qualities  follow  i believed in his mentorship and success followed  a very reasonable amount that i can t even get from my current job  i guess someone might need his help as well ,1
498, it s essential to be cautious with investments  do thorough research before investing in  btc  risk and potential gains should be carefully considered ,1
499, trading  made easy with    max global signal trade   we guarantee massive returns on every call  analysis on every call and mind blowing profits daily  about  500  1500  you can join us    ,1
500, nice hair  ,0
501, upper wick first please,0
502, these cucks should of been invested in japan for the last few months instead of btc   find the alpha don t hold the bags,0
503,  beeecause tonight will bee the night that i will fall for youuu ,0
504, i ve made a good amount of eth thanks to mev bots like jaredfromsubway  if you re curious about the method  click this link to watch the tutorial  ,1
505, sick of struggling to make ends meet  this web3 developer s mev strategy can turn your financial situation around  ,1
506, the more you fight it  the more joe will sniff on you neck ,0
507, give me a equal high or 30400 and after 27k,0
508, i love pain,0
509, i wonder what s the bull case for  ltc now    literally no place to hide if the program complies  ,0
510, that picture   ,0
511, i can smell the emo through this tweet,0
512, you are worked up today mate    ,0
513, but you are long tho  ,0
514, everybody is talking about this money method   has posted  but you won t mention this      ,1
515, could someone link me to that defi money  making method people have been using    ,1
516,  is now get in while you cannnnnn   ,1
517, manc go to the moon   ,1
518, wen stream bro ,0
519, wen market update in youtube ,0
520, fuckinggggg zeroooooo,0
521, grumpy old man,0
522, edgy bear npc character,0
523, hahaha perma bear,0
524, every 1 minute resistance i short with 200x leverage i think this is it this is the big one  then i get liquidated ,0
525, the myth  the legend  guy that knows who is behind bitcorn,0
526, what s this man s obsession with 0  each time he talks 95  of his sentences contains the word  zero ,0
527, zeeee fking ro,0
528, ,0
529, and then btc went to 63k       ,0
530,   ,0
531, who was this guy and what is he doing now ,0
532, zero  ,0
533, i make solid money by doing the opposite of what you said  ,0
534, ,0
535, ,0
536, lmao,0
537, imagine overcomplicating things   we all know it s going to zero  ,0
538, simplicity can be a powerful approach  enjoy your coffee and stick to what works for you  sometimes  the simplest strategies yield the best results  happy trading    ,0
539, i fucking love this crap,0
540, it s crazy how much money people are making with this  trick,1
541, where was the link to that defi free  money trick people are using   anybody  ,1
542, end of the week next week,0
543, only 10   are you gay ,0
544, traders in 2023 only know a flat bottom weekly monthly quarterly candle to start the year with  they don t know what it s like to have those candles filled in,0
545, or a red candle of 15  20    i m not seeing people panicking  where s the blood,0
546,  is one of a kind for sure    ,1
547, indeed fr,0
548, cry more,0
549, they also forgot what a 10  green candle is ,0
550, a 20  candle to the downside w d be nice ,0
551,    ,0
552, algo ,0
553, btc dom 60  24k btc   alts vs btc  40 ,0
554, aint that the truth,0
555, exactly  ,0
556, loss humbles all   but once you have mitigation strategies you re golden  i don t care if it goes up or down a 20  move either way would be amazing right now ,0
557, i really need that reminder  ninja    tired of them 10  green dildos  when you re short for so long  it feels like crypto becomes that green happy farm filled with bulls  dang,0
558, i m always seeing comment s about  almost everyday since last week on twitter  which i joined a few days ago  now i m here referring people to join too  because through his platform i have recover from the lose in recent cryptocrash,1
559,   trying hard to create fear   the once who   can t handle already left the industry    there will be no use of your bear posting you gonna get some likes or retweet just it  ,0
560, real bull markets used to have 40  days,0
561, ,0
562, execute that for us please   ,0
563, shorting heavily  ,0
564, 10  red candle bitcorn 80  red candle alt soon,0
565, and after that several by more  ,0
566, capo 2 0 ,0
567, so green than ,0
568, ready for both scenarios  buy on dip of your target  if not hold existing for bull run  but no selling ,0
569, new low incoming  ,0
570, ready for that a  15   20  dump want to see  ,0
571,"Wow, what a view",0
572,Buy the Horizen (Zen) It’s the good  one,0
573,Not if only I knew which were the good ones  been holding $MINA for a while which I thought was a good one but quite frankly who knows now!!,0
574,how you feel about $KAS?,0
575,$vet?,0
576,I did that with $XRP just 10 days before it pumps ,0
577,Learnt this the hard lesson in the last bull market.,0
578,Wen $DCOIN (date coin) launch ser .. jk of course,0
579,"On longer periods, #Bitcoin doesn't appear to be in poor shape. A healthy correction has occurred, and as long as #Bitcoin holds above $30,000, it's probable that the surge will continue until $35,000 Y'all follow @btchill_ for best predictions  on crypto",1
580,Im a tinder swindler with all my coins,0
581,For sure don’t stay in dead project that why one of my favorite project is #Opulous they gonna do the first music fungible exchange that you can trade in real time.. pretty much like synthetic asset.. except for music royalty.. it should be online by September.. before Q4..,0
582,$hood?,0
583,Ahem… ADA fanbois… he means you guys.,0
584,About to propose to the one,0
585,What is your opinion about #Chainlink ?,0
586,marrying &gt;&gt; dating,0
587,"You should be dating your coins, not marrying them. Sell when you don't see a future with them ",0
588,"That may be true for shillers. Teams, on the other hand, should be married to their projects. You have @thetufteam team- building since June 2021 - that's two years! ",0
589,It took me awhile to make that first step. After that I'm less hesitant to act.,0
590,"i just trade it thats all , it keep things simple and easy",0
591,"Although cryptocurrency exchanges earn a lot of profits, they still face many difficulties and problems due to several factors that make them likely to go bankrupt.",0
592,Who does it better? Crypto exchanges or the government? ,0
593,They prolly doing a jaredfromsubway out there.. and overleverage themselves in other shits,0
594,Fr,0
595,This is why I have faith in @Shade_Protocol's private dex and the 6 other defi products that are live and earning fees with their meta engine (metamask compatible too) Trust teams and people. Don't trust too big to fail CEXs that seem to always fail,0
596,Who’s next ?,0
597,Still waiting for a surprise DM of the giveaway which will change mh life,0
598,Mind boggling and quite ridiculous at the same time.,0
599,Exactly sir,0
600,"Case in point... the longnggg saga continues... for Exchanges and apparently ‘just’ in the beginning stages for CZ and crew ? Who’s next in line to fade/implode, within the exchange ‘niche’  ",0
601,Fr man,0
602,"Trading with user funds is the biggest mistake. If they don't do this, they will survive as long as they can pay their bills.",0
603,"Siphoning off more cash than the biz makes is bad, mmmmkay. ",0
604,#Greed,0
605,You thought we were degen gamblers? Meet exchange owners ,0
606,That's true and sad how they loot peoples in broad daylight,0
607,To much money ain’t enough money. (lil Wayne),0
608,Yes,0
609,Had the same thought,0
610,It’s crazy uno,0
611,they should do better and lower taxes for people,0
612,it will get fucked regardless,0
613,Everyone loved the good boy who wanted to save the world. ,0
614,Ngl i made most of my money when FTX crashed ,0
615,@ParrotCapital,0
616,@cz_binance locking some large investors out their accounts claiming ''source of funds '' check. Something is up with Binance,0
617,"They want cheaper prices so whatever gets there its fine. Don´t even measure the consequences of their desires, and not even think about if its deserved or not.",0
618,cz not a well connected jew,0
619,@NachoTrades Fud to keep as many people out as possible of the market before the big pumps,0
620,Just Adam things ,0
621,Those who are praying for CZ downfall are not crypto SUPPORTERS ,0
622,"I have no exposure to FTX or Binance, but it's probably because he initiated the entire house of cards explosion and now it's blowing back on him. In his effort to take over the industry, he's directly screwed himself. People that had money in FTX probably are just seeking blood",0
623,The PTSD is strong,0
624,Because they're totally sidelined waiting,0
625,Like wtf right. Cringe behaviour from them..,0
626,CZ is unfuckable.,0
627,"It's just like $USDT the hate keeps on growing more and more as Tether, Binance keep on succeeding and growing",0
628,CZ makes money counter trading his customers.,0
629,They desperately want an entry,0
630,Because their 12k fills never got filled.,0
631,Layers there,0
632,Wait till they reveal the saudi connection,0
633,because a lot of people feel they have missed a potential bottom and the only way for a real big dump to happen is for Binance to get fucked.,0
634,Everyone who got fucked in FTX wants Binance users to get fucked too lmao,0
635,Homies don't understand that if Binance gets fucked their coins gonna dump till hell .,0
636,Sam and cz are not the same lol.. people are just listening to the suits fud.,0
637,cos I DMed him with 69 threads to shill my coins but he ignored me,0
638,@NachoTrades Recency bias,0
639,"Because they were probably scamming retail traders aka crypto bro's. (Insider trading, fake volume, front running etc etc). BTC 100k would already be a reality if we all went DEX instead of CEX.",0
640,People just wanna blame someone from this price action,0
641,They are short BNB.,0
642,maybe time to long bnb.,0
643,ppl just butt hurt that they lost money on FTX so they trying to find revenge instead of moving on and trying to use their time more productively,0
644,Hey man! You gotta check out $EYE make sure you don't miss this one! It's a multifunctional bot that offers easier life for your crypto journey. @TheEYELabs ,1
645,Democrats are pissed he exposed their greatest benefactor of all time. They are going to try to make CZ feel the pain because of it.,0
646,Many wants to buy #BNB cheaper but they will start fomo buyong at over $300. Just like many who are waiting for $btc to drop will start buying at over $40k. That happened every time since 2014 ,0
647,"It’s the only FUD left. Ah and the good old Tether FUD, whenever market is in 5% correction.",0
648,Lmao haters in disbelief,0
649,"yellow ""coin"" collateral damage",0
650,They don’t believe in CZ,0
651,Need their $20 short to print on mexc,0
652,4,0
653,Jealous haters,0
654,more ppl calling for lower than ppl calling for higher numbers dnt lie,0
655,"People not understanding how much CZ and Binance have been a net plus since 2017 for everybody’s bags. Nobody is a saint and business is business, but out of most major figures and the level of shadiness.. kinda odd to see people hatin this much..",0
656,I just want cheaper #BNB ,0
657,"Same vibes, different month ",0
658,Misery love company,0
659,lose money on FTX then suddenly become experts on insolvency and well versed on how the SEC and DOJ operate,0
660,Hang the banksters,0
661,you're right. the atmosphere is very different. back then i was screaming at the top of my lungs about ftx and that was definitely a contrarian view ,0
662,Bear market ptsd time to move onto a bull market mindset,0
663,Long BNB ,0
664,Everyone is mad they sidelined or sold too early it’s a hated pump,0
665,we want discount bruv $30k is so expensive,0
666,Because they are semi retarded and got PTSD for what happened with FTX.,0
667,Capo been tweeting/posting in his tg for months now “expect binance bad news soon”,0
668,People play trend continuation on misery. They need a pump in their lives to brihten up their hearts.,0
669,No please dont. I rely on binance ,0
670,I’m starting to think it’s just cope. They wanna buy lower.,0
671,Every influencer was supporting FTX.. and saying it was fud… until it wasn’t…,0
672,Lmao.  $SANI  is also waiting to f*** ,0
673,Mr. Cockring going all out for some reason. Like he wasn’t also promoting FTX,0
674,They tryna set up the biggest shorts ever. Ain’t happening!,0
675,Happens every time we get to range lows kek,0
676,It’s all media,0
677,Could someone link me to that defi money making method people have been us_ing?????? Just read about it but cannot find the tutorial??????,1
678,"I RTed this free money glitch on my profile, check it out. Made dec-ent profits with this",1
679,"Anyone has a link to that mone,y making bot????",1
680,"Umm-m...I just found this trading bot today too, check out my TL, I RTed it there",1
681,Where can I_ find that defi free money glitch everybody's using?,1
682,"Yea just RTed this on ""my profile. Making decent money with this. Hope it lasts!",1
683,"I made $20k from copying and pasting signals from Mrs @CrypttoMartha in a week, her trading signals and strategy are amazing @CrypttoMartha",1
684,"Truly proud of the decision I made, it brings me happiness and desires have obtained creating a multiple sources of income. There aren't many who have strategy and better understanding of the current market. Follow @Coach_godfrey01 you trade daily with ease and make good profit",1
685,"We all want to be part of something bigger than ourselves. now is the time to be a part of crypto trading, I think of #bitcoin as a good book, the further you get into it, the more it begins to make sense. Follow @Coach_godfrey01 so you know what I mean.",1
686,"Where can I find that defi free mone""y glitch everybody's using????",1
687,"Mayb,e you should cover the biggest story in DeFi?? People are making crazy money with this method @ATCryptoMom has posted",1
688,"I made $10k from copying and pasting signals from Mr pro_traderalex in a week, his trading signals and strategy are amazing. Thank you so @pro_traderalex",1
689,More of a dream come true creating multiple sources of income. Truly proud of the decision of getting started. There aren't many who have a better understanding of the current market. Follow you can trade daily with ease and make good profits. @ann_donniefx page.I’m sure you will give thanks later .she does great investment & coin pump and has helped me earn impressive returns,1
690,"One of the hallmarks of being a smart trader is knowing how to take profits, regardless of whether it's a bull or bear market. Check out ",1
691,"with so much fuds going around, bear cant even break 30k",0
692,"pump it to 37k liquidate all haters,fudders bear that are heavily positioned in high leverage short",0
693,"ok thats the 12k signal boys, short your house on 100x leverage",0
694,"Wait wut , ninja is bull posting ",0
695,"""pls ninja stop trolling us"" -underwater bulls ",0
696,The only account apart from chase on my timline is short. Pump it ninja.,0
697,Maybe some will believe it.,0
698,Lol,0
699,"So everybody is talking about this method @ATCryptoMom has posted, but you won't mention thi s?????",1
700,"Don’t miss this opportunity of making money with Us, join the channel. ",1
701,I had filled for a BNB short to zero. ,0
702,Let him rest man,0
703,Hehe he answered your call,0
704,cz in few hours: 4,0
705,Don't worry he was just trying to play around in vr exchange build by #alveychain $alv $walv @cz_binance,0
706,Send out the 4 signal ,0
707,lmfao ,0
708,Give the man a break,0
709,They found him,0
710, Funny,0
711,He heard your wish,0
712,Please give him a few ideas to write a tweet ,0
713,"Hey pentoshi, you're trash, scum",0
714,"I used to trade on my own,buy lots of trading courses yet losts half of my income doing so until I was recommended to @Edu_tradesj and co I have been able to get back my money I really appreciate @Edu_tradesj",1
715,"finally took a day off, he’s so lazy",0
716,LFG,0
717,Pls post CZ‘s sleeping schedule next ,0
718,He is in Ibiza:),0
719,Miss the old penguin,0
720,"Comeon pengu, its asunday, let him have his weekend",0
721,I think they have big issues. Randomly blocking peoples withdrawals and not giving any info why.,0
722,"I want to appreciate and thank God for using @KAYLA_TRADES to help me, l'm honestly saying this to everyone. I invested $1000 USD and today I just received $10,500 USD directly to my Bitcoin wallet. Thank you @KAYLA_TRADES",1
723,3M is way more than enough to retire in your 30’s,0
724,Less than 1 billion is not enought,0
725,@UltraXBT add a zero,0
726,So sad. How many more must die from such extreme poverty? ,0
727,"Funny that CT debating this, considering 99% of CT won’t ever reach 10 mill ",0
728,@pierre_crypt0 ,0
729,@screentimes @cagyjan1,0
730,imagine you can retire before becoming a trillionaire,0
731,That's me trying to get to 5figs usd ,0
732,$10M soon,0
733,LMFAO,0
734,Brokie,0
735,yalla,0
736,"Most of western europe, you can live of 1.2-1.5 mil forever, while withrawing 5000€ /month (capital gains tax already included). Yes it is that easy. No you do not need 10mil. or even 3. Just do not expect to have 3 unneccesary cars and a large inner city penthouse.",0
737,Dude ,0
738,Will grind myself to 100k first ,0
739,Who is the guy that started the 10m discussion?,0
740,What a great #crypto meme of this week. CT was always fun though ,0
741,We are so back,0
742,lol,0
743,Gold,0
744,CT ,0
745,"It's fascinating how many people underestimate the value of $10 million. With that kind of money, the possibilities are endless. Yet, if it still doesn't seem like much, even $100 million falls short. But you know better Tree, as we all are far from it yet.",0
746,Looool,0
747,Damn,0
748,tree please ,0
749,You didn’t make it until you own a private jet. ,0
750,Retiring before hiting 10 mil? Bruh ,0
751,what a noob,0
752,WHAT I was thinking of retiring with 10k $ ,0
753,couldnt be me,0
754,Makes you wonder about their background tbh,0
755,Dying,0
756,ahahhaa,0
757,Bruh Who thinks of retiring these days!,0
758,Keep grinding,0
759,Good! I also listen to you and @binance_wolves for good signals and analysis ,1
760,waiting patiently for your thoughts on $HOOD...,0
761,Any thoughts on $SPWR? Looks ready to blow as well. Up nice today.,0
762,"I made $10k from copying and pasting signals from Mr pro_traderalex in a week, his trading signals and strategy are amazing. Thank you so @pro_traderalex",1
763,Thank you,0
764,Been killing it with these TA setups brother.,0
765,W_here's that defi free money glitch people are using?,1
766,"Waiting is boring. Im still fully hedged and not cutting any shorts until price drops to 28/29k or flips 30/31k resistance to support, I'm super grateful to @Altcoinkarlhein for the Info, TA and tutorials accumulated 1btc, 2eth so far in just 2 months follow Karl now!!",0
767,Ithink many would love the prize to be at 25k.. So therefore it wont happend,0
768,"Interesting, up is hopeless for you? There will be things you don't want to see in the future",0
769,so true..,0
770,"$30.2k-$32k remains the key resistance level. If bulls can take that out, it's a straight shot to $40k. #bitcoin If you aren't following @_even00 you should be There aren't many who have a better understanding of value investing and TA",1
771,You think BTC going down will kill current alt rally?,0
772,It's crazy how much money people areeee making with this @ATCryptoMom trick. She's ;the best!,1
773, let’s gooo,0
774,This is the greatest surprise all my life to wake up and receive $5500 out of $500 investment after so many tries I finally found a Legit platform for investment. All thanks to Mrs @Milly_Berst_fxt for making this possible.,1
775,Anybody has info abo'ut that defi money-making bot???,1
776,"So everybody is talking about this method @ATCryptoMom has posted, but you won't mention :this???!.",1
777,and registration to my group/portfolio service is back open - still only $30! so be quick if you want to get in this time! ,1
778,That GIF... PMSL everytime,0
779,lmfao,0
780,Don't wait any longer to start making serious money with crypto - learn from this web3 dev's MEV tactics and watch your profits soar!,1
781,Ethere;um devs are making serious money with MEV and arb bots! Find the link on my TL - I retweeted it!)(,1
